commons_title,mediainfo_id,uploaded,inventory_number,date,survey_area,station,camera_lat,camera_lon,camera_altitude_m,heading_deg,footprint_west,footprint_south,footprint_east,footprint_north,footprint_centre_lat,footprint_centre_lon,municipality,municipality_qid,canton,stereo_partner,smapshot_id,swisstopo_url
File:St. Gotthard - Furkaegg - Swisstopo 164359.tif,M200314625,2026-09-26T16:04:53Z,164359,1915-08-11,St. Gotthard,Furkaegg,46.5838,8.57387,2604.0,77.0,8.582120001130999,46.57444999621113,8.617789997586177,46.59971000163244,46.58708,8.59995,Hospental,Q65681,UR,164360,51736,https://data.geo.admin.ch/browser/index.html#/collections/ch.swisstopo.lubis-terrestrische_aufnahmen/items/lubis-terrestrische_aufnahmen_000-164-359
File:St. Gotthard - Blauberg West Grat - Swisstopo 164361.tif,M200314641,2026-09-26T16:05:07Z,164361,1915-07-26,St. Gotthard,Blauberg West Grat,46.57601,8.57765,2608.0,153.0,8.572640005206951,46.56037999656479,8.591630004064276,46.58037999735137,46.57038,8.58214,Airolo,Q69265,TI,164364,51733,https://data.geo.admin.ch/browser/index.html#/collections/ch.swisstopo.lubis-terrestrische_aufnahmen/items/lubis-terrestrische_aufnahmen_000-164-361
File:St. Gotthard - Blauberg - Swisstopo 164365.tif,M200314661,2026-09-26T16:05:23Z,164365,1915-08-12,St. Gotthard,Blauberg,46.57481,8.58798,2809.0,32.0,8.585199997260181,46.57489999793547,8.615829996975243,46.604880000756594,46.58989,8.60051,Hospental,Q65681,UR,164371,67170,https://data.geo.admin.ch/browser/index.html#/collections/ch.swisstopo.lubis-terrestrische_aufnahmen/items/lubis-terrestrische_aufnahmen_000-164-365
File:St. Gotthard - Vormigel West A-B - Swisstopo 164493.tif,M200314678,2026-09-26T16:05:38Z,164493,1915-08-24,St. Gotthard,Vormigel West A-B,46.59522,8.6528,2161.0,66.0,8.652449995659225,46.59007999479642,8.675250002254238,46.61120000237,46.60064,8.66385,Andermatt,Q64019,UR,164495,66630,https://data.geo.admin.ch/browser/index.html#/collections/ch.swisstopo.lubis-terrestrische_aufnahmen/items/lubis-terrestrische_aufnahmen_000-164-493
File:St. Gotthard - Alp Tgom - Swisstopo 164754.tif,M200314694,2026-09-26T16:05:54Z,164754,1916-06-25,St. Gotthard,Alp Tgom,46.66429,8.76395,1960.0,329.0,8.706950005810526,46.669199997555076,8.765829997460706,46.712320001799505,46.69076,8.73639,Tujetsch,Q64280,GR,164753,77723,https://data.geo.admin.ch/browser/index.html#/collections/ch.swisstopo.lubis-terrestrische_aufnahmen/items/lubis-terrestrische_aufnahmen_000-164-754
File:St. Gotthard - Alpe Farre West A-B (Tamaro) - Swisstopo 164655.tif,M200314709,2026-09-26T16:06:08Z,164655,1916-10-13,St. Gotthard,Alpe Farre West A-B (Tamaro),46.08694,8.88048,1491.0,43.0,8.92325999604572,46.095019994782085,9.00088159457483,46.13810669614962,46.11656,8.96207,Monteceneri,Q70633,TI,164656,51732,https://data.geo.admin.ch/browser/index.html#/collections/ch.swisstopo.lubis-terrestrische_aufnahmen/items/lubis-terrestrische_aufnahmen_000-164-655
File:Bergell - Piz Lizun Ost - Swisstopo 166094.tif,M200314725,2026-09-26T16:06:24Z,166094,1920-07-10,Bergell,Piz Lizun Ost,46.38613,9.64317,2294.0,62.0,9.668099994461032,46.3867899949783,9.759213751922942,46.43030648233365,46.40855,9.71366,Bregaglia,Q70677,GR,166097,51749,https://data.geo.admin.ch/browser/index.html#/collections/ch.swisstopo.lubis-terrestrische_aufnahmen/items/lubis-terrestrische_aufnahmen_000-166-094
File:Amt Frutigen - Kühweid - Swisstopo 170040.tif,M200314738,2026-09-26T16:06:38Z,170040,1926-07-21,Amt Frutigen,Kühweid,46.59275,7.69826,1441.0,109.5,7.707430002019209,46.548599996362924,7.820758604257948,46.59570999459345,46.57215,7.76409,Reichenbach im Kandertal,Q66378,BE,170041,84010,https://data.geo.admin.ch/browser/index.html#/collections/ch.swisstopo.lubis-terrestrische_aufnahmen/items/lubis-terrestrische_aufnahmen_000-170-040
File:Simplon - Hübschhorn West - Swisstopo 345839.tif,M200314752,2026-09-26T16:06:52Z,345839,1929-07-15,Simplon,Hübschhorn West,46.23654,8.03713,2460.0,232.0,7.979859996885576,46.19870000064272,8.021670004423903,46.23214999733067,46.21542,8.00077,Simplon,Q69194,VS,345841,44174,https://data.geo.admin.ch/browser/index.html#/collections/ch.swisstopo.lubis-terrestrische_aufnahmen/items/lubis-terrestrische_aufnahmen_000-345-839
File:Simplon - Wängenhorn Nord - Swisstopo 345847.tif,M200314765,2026-09-26T16:07:06Z,345847,1929-07-10,Simplon,Wängenhorn Nord,46.17692,8.04211,2569.0,301.5,7.9906600048430985,46.192709993573665,8.01669999607965,46.20935999691839,46.20103,8.00368,Simplon,Q69194,VS,345873,35470,https://data.geo.admin.ch/browser/index.html#/collections/ch.swisstopo.lubis-terrestrische_aufnahmen/items/lubis-terrestrische_aufnahmen_000-345-847
File:St. Gotthard - Furkaegg - Swisstopo 164360.tif,M201247178,2026-10-07T15:28:13Z,164360,1915-08-11,St. Gotthard,Furkaegg,46.58298,8.57494,2597.0,77.0,8.574909996534364,46.57377000172931,8.619109996504829,46.59966999366173,46.58672,8.59701,Hospental,Q65681,UR,164359,61342,https://data.geo.admin.ch/browser/index.html#/collections/ch.swisstopo.lubis-terrestrische_aufnahmen/items/lubis-terrestrische_aufnahmen_000-164-360
File:St. Gotthard - Blauberg West Grat - Swisstopo 164362.tif,M201247210,2026-10-07T15:28:29Z,164362,1915-07-26,St. Gotthard,Blauberg West Grat,46.57601,8.57765,2608.0,183.0,8.562920003837961,46.560330000424194,8.589859994179731,46.57598999771241,46.56816,8.57639,Airolo,Q69265,TI,164363,43718,https://data.geo.admin.ch/browser/index.html#/collections/ch.swisstopo.lubis-terrestrische_aufnahmen/items/lubis-terrestrische_aufnahmen_000-164-362
File:St. Gotthard - Blauberg West Grat - Swisstopo 164363.tif,M201247242,2026-10-07T15:28:47Z,164363,1915-07-26,St. Gotthard,Blauberg West Grat,46.57624,8.57836,2616.0,183.0,8.54754000248414,46.53363000189428,8.59043999472777,46.57821000145229,46.55592,8.56899,Airolo,Q69265,TI,164362,73648,https://data.geo.admin.ch/browser/index.html#/collections/ch.swisstopo.lubis-terrestrische_aufnahmen/items/lubis-terrestrische_aufnahmen_000-164-363
File:St. Gotthard - Blauberg West Grat - Swisstopo 164364.tif,M201247299,2026-10-07T15:29:27Z,164364,1915-07-26,St. Gotthard,Blauberg West Grat,46.57624,8.57836,2616.0,153.0,8.573780002765373,46.56040000199813,8.591710004821648,46.58020999815144,46.57031,8.58275,Airolo,Q69265,TI,164361,56262,https://data.geo.admin.ch/browser/index.html#/collections/ch.swisstopo.lubis-terrestrische_aufnahmen/items/lubis-terrestrische_aufnahmen_000-164-364
File:St. Gotthard - Blauberg West Grat - Swisstopo 164366.tif,M201247325,2026-10-07T15:29:50Z,164366,1915-07-26,St. Gotthard,Blauberg West Grat,46.57624,8.57836,2616.0,11.0,8.571790002754037,46.57120000250348,8.583950004710749,46.58364999595158,46.57742,8.57787,Airolo,Q69265,TI,164367,38074,https://data.geo.admin.ch/browser/index.html#/collections/ch.swisstopo.lubis-terrestrische_aufnahmen/items/lubis-terrestrische_aufnahmen_000-164-366
File:St. Gotthard - Blauberg West Grat - Swisstopo 164367.tif,M201247418,2026-10-07T15:31:01Z,164367,1915-07-26,St. Gotthard,Blauberg West Grat,46.5762,8.57816,2617.0,11.0,8.571719996427161,46.57152000023969,8.584070003246344,46.583719998558514,46.57762,8.57789,Airolo,Q69265,TI,164366,63373,https://data.geo.admin.ch/browser/index.html#/collections/ch.swisstopo.lubis-terrestrische_aufnahmen/items/lubis-terrestrische_aufnahmen_000-164-367
File:St. Gotthard - Blauberg West Grat - Swisstopo 164368.tif,M201247439,2026-10-07T15:31:18Z,164368,1915-07-26,St. Gotthard,Blauberg West Grat,46.57624,8.57836,2616.0,311.0,8.458940002464715,46.60431999662869,8.528000001520423,46.62949999852587,46.61691,8.49347,Realp,Q67161,UR,,88317,https://data.geo.admin.ch/browser/index.html#/collections/ch.swisstopo.lubis-terrestrische_aufnahmen/items/lubis-terrestrische_aufnahmen_000-164-368
File:St. Gotthard - Blauberg West Grat - Swisstopo 164369.tif,M201247464,2026-10-07T15:31:34Z,164369,1915-07-26,St. Gotthard,Blauberg West Grat,46.57624,8.57836,2616.0,311.0,8.458585211391743,46.60431999662869,8.530009998022345,46.63175999685429,46.61804,8.4943,Realp,Q67161,UR,164370,91089,https://data.geo.admin.ch/browser/index.html#/collections/ch.swisstopo.lubis-terrestrische_aufnahmen/items/lubis-terrestrische_aufnahmen_000-164-369
File:St. Gotthard - Blauberg West Grat - Swisstopo 164370.tif,M201247481,2026-10-07T15:31:52Z,164370,1915-07-26,St. Gotthard,Blauberg West Grat,46.5762,8.57816,2617.0,311.0,8.458762553743751,46.60431999662869,8.5300400044468,46.630890000355684,46.6176,8.4944,Realp,Q67161,UR,164369,59673,https://data.geo.admin.ch/browser/index.html#/collections/ch.swisstopo.lubis-terrestrische_aufnahmen/items/lubis-terrestrische_aufnahmen_000-164-370
File:St. Gotthard - Blauberg - Swisstopo 164371.tif,M201247503,2026-10-07T15:32:10Z,164371,1915-08-12,St. Gotthard,Blauberg,46.57362,8.59065,2777.0,32.0,8.58781000395777,46.572479994526105,8.615679995520644,46.60297999871665,46.58773,8.60174,Hospental,Q65681,UR,164365,34697,https://data.geo.admin.ch/browser/index.html#/collections/ch.swisstopo.lubis-terrestrische_aufnahmen/items/lubis-terrestrische_aufnahmen_000-164-371
File:St. Gotthard - Blauberg West Grat - Swisstopo 164372.tif,M201247517,2026-10-07T15:32:26Z,164372,1915-07-26,St. Gotthard,Blauberg West Grat,46.57624,8.57836,2616.0,341.0,8.569629994590686,46.57361999626474,8.58398000569263,46.58364999595158,46.57863,8.57681,Airolo,Q69265,TI,164374,82467,https://data.geo.admin.ch/browser/index.html#/collections/ch.swisstopo.lubis-terrestrische_aufnahmen/items/lubis-terrestrische_aufnahmen_000-164-372
File:St. Gotthard - Blauberg - Swisstopo 164373.tif,M201247530,2026-10-07T15:32:44Z,164373,1915-08-12,St. Gotthard,Blauberg,46.57481,8.58798,2809.0,2.0,8.545080002216201,46.61825999558868,8.575060006206078,46.65207999956546,46.63517,8.56007,Hospental,Q65681,UR,164375,83117,https://data.geo.admin.ch/browser/index.html#/collections/ch.swisstopo.lubis-terrestrische_aufnahmen/items/lubis-terrestrische_aufnahmen_000-164-373
File:St. Gotthard - Blauberg West Grat - Swisstopo 164374.tif,M201247601,2026-10-07T15:34:03Z,164374,1915-07-26,St. Gotthard,Blauberg West Grat,46.5762,8.57816,2617.0,341.0,8.569449995538323,46.573419996439966,8.584139997367364,46.58364999595158,46.57853,8.57679,Airolo,Q69265,TI,164372,38922,https://data.geo.admin.ch/browser/index.html#/collections/ch.swisstopo.lubis-terrestrische_aufnahmen/items/lubis-terrestrische_aufnahmen_000-164-374
File:St. Gotthard - Blauberg - Swisstopo 164375.tif,M201247614,2026-10-07T15:34:20Z,164375,1915-08-12,St. Gotthard,Blauberg,46.57362,8.59065,2777.0,2.0,8.570440002750129,46.57711000033383,8.611390002889353,46.60178999447843,46.58945,8.59092,Hospental,Q65681,UR,164373,51737,https://data.geo.admin.ch/browser/index.html#/collections/ch.swisstopo.lubis-terrestrische_aufnahmen/items/lubis-terrestrische_aufnahmen_000-164-375
File:St. Gotthard - Blauberg - Swisstopo 164376.tif,M201247635,2026-10-07T15:34:37Z,164376,1915-08-12,St. Gotthard,Blauberg,46.57481,8.58798,2809.0,62.0,8.583560002137054,46.56928999814226,8.618050005321946,46.59841999900399,46.58385,8.60081,Hospental,Q65681,UR,164377,91225,https://data.geo.admin.ch/browser/index.html#/collections/ch.swisstopo.lubis-terrestrische_aufnahmen/items/lubis-terrestrische_aufnahmen_000-164-376
File:St. Gotthard - Blauberg - Swisstopo 164377.tif,M201247652,2026-10-07T15:34:53Z,164377,1915-08-12,St. Gotthard,Blauberg,46.57362,8.59065,2777.0,62.0,8.586620006333405,46.56880999842105,8.617980005690569,46.59548999790935,46.58215,8.6023,Hospental,Q65681,UR,164376,59670,https://data.geo.admin.ch/browser/index.html#/collections/ch.swisstopo.lubis-terrestrische_aufnahmen/items/lubis-terrestrische_aufnahmen_000-164-377
File:St. Gotthard - GfallenalpSüd B-C - Swisstopo 164378.tif,M201247675,2026-10-07T15:35:11Z,164378,1915-08-16,St. Gotthard,GfallenalpSüd B-C,46.59432,8.64568,2373.0,160.0,8.638630004496271,46.56332999981199,8.673440001874495,46.59251999374269,46.57792,8.65604,Andermatt,Q64019,UR,164379,88951,https://data.geo.admin.ch/browser/index.html#/collections/ch.swisstopo.lubis-terrestrische_aufnahmen/items/lubis-terrestrische_aufnahmen_000-164-378
File:St. Gotthard - GfallenalpSüd B-C - Swisstopo 164379.tif,M201247699,2026-10-07T15:35:28Z,164379,1915-08-16,St. Gotthard,GfallenalpSüd B-C,46.59352,8.64233,2378.0,160.0,8.635810003455253,46.563289995894664,8.671270001888916,46.59154999897339,46.57742,8.65354,Andermatt,Q64019,UR,164378,40397,https://data.geo.admin.ch/browser/index.html#/collections/ch.swisstopo.lubis-terrestrische_aufnahmen/items/lubis-terrestrische_aufnahmen_000-164-379
File:St. Gotthard - GfallenalpSüd B-C - Swisstopo 164380.tif,M201247714,2026-10-07T15:35:45Z,164380,1915-08-16,St. Gotthard,GfallenalpSüd B-C,46.59432,8.64568,2373.0,130.0,8.646609996831646,46.57212999388563,8.70629999593342,46.59627999528213,46.5842,8.67645,Andermatt,Q64019,UR,164381,59687,https://data.geo.admin.ch/browser/index.html#/collections/ch.swisstopo.lubis-terrestrische_aufnahmen/items/lubis-terrestrische_aufnahmen_000-164-380
File:St. Gotthard - GfallenalpSüd B-C - Swisstopo 164381.tif,M201247735,2026-10-07T15:36:02Z,164381,1915-08-16,St. Gotthard,GfallenalpSüd B-C,46.59352,8.64233,2378.0,130.0,8.63884000397482,46.5681200020474,8.704000003917614,46.598099994818234,46.58311,8.67142,Andermatt,Q64019,UR,164380,62726,https://data.geo.admin.ch/browser/index.html#/collections/ch.swisstopo.lubis-terrestrische_aufnahmen/items/lubis-terrestrische_aufnahmen_000-164-381
File:St. Gotthard - Lucendrogletscher - Swisstopo 164382.tif,M201247821,2026-10-07T15:37:19Z,164382,1915-07-24,St. Gotthard,Lucendrogletscher,46.54351,8.52931,2559.0,75.0,8.528329999998473,46.53797999800948,8.541509994277341,46.551780001414365,46.54488,8.53492,Airolo,Q69265,TI,164384,38068,https://data.geo.admin.ch/browser/index.html#/collections/ch.swisstopo.lubis-terrestrische_aufnahmen/items/lubis-terrestrische_aufnahmen_000-164-382
File:St. Gotthard - GfallenalpSüd B-C - Swisstopo 164383.tif,M201247839,2026-10-07T15:37:37Z,164383,1915-08-16,St. Gotthard,GfallenalpSüd B-C,46.59432,8.64568,2373.0,190.0,8.622899999841128,46.56328000216798,8.659519997382258,46.59900000012571,46.58114,8.64121,Andermatt,Q64019,UR,164386,67013,https://data.geo.admin.ch/browser/index.html#/collections/ch.swisstopo.lubis-terrestrische_aufnahmen/items/lubis-terrestrische_aufnahmen_000-164-383
File:St. Gotthard - Lucendrogletscher - Swisstopo 164384.tif,M201247852,2026-10-07T15:37:54Z,164384,1915-07-24,St. Gotthard,Lucendrogletscher,46.54379,8.52921,2550.0,75.0,8.525989993531311,46.53799000152161,8.544090003122294,46.55351999506957,46.54575,8.53504,Airolo,Q69265,TI,164382,63121,https://data.geo.admin.ch/browser/index.html#/collections/ch.swisstopo.lubis-terrestrische_aufnahmen/items/lubis-terrestrische_aufnahmen_000-164-384
File:St. Gotthard - Lucendrogletscher - Swisstopo 164385.tif,M201247868,2026-10-07T15:38:10Z,164385,1915-07-24,St. Gotthard,Lucendrogletscher,46.54379,8.52921,2550.0,105.0,8.524360003274062,46.5356099948676,8.541349995735986,46.54967000150729,46.54264,8.53285,Airolo,Q69265,TI,164387,83735,https://data.geo.admin.ch/browser/index.html#/collections/ch.swisstopo.lubis-terrestrische_aufnahmen/items/lubis-terrestrische_aufnahmen_000-164-385
File:St. Gotthard - GfallenalpSüd B-C - Swisstopo 164386.tif,M201247885,2026-10-07T15:38:28Z,164386,1915-08-16,St. Gotthard,GfallenalpSüd B-C,46.59352,8.64233,2378.0,190.0,8.621380000334478,46.56328000216798,8.656610002043678,46.59660000138237,46.57994,8.639,Andermatt,Q64019,UR,164383,55865,https://data.geo.admin.ch/browser/index.html#/collections/ch.swisstopo.lubis-terrestrische_aufnahmen/items/lubis-terrestrische_aufnahmen_000-164-386
File:St. Gotthard - Lucendrogletscher - Swisstopo 164387.tif,M201247900,2026-10-07T15:38:44Z,164387,1915-07-24,St. Gotthard,Lucendrogletscher,46.54351,8.52931,2559.0,105.0,8.524519999299809,46.53742999841598,8.544160001667828,46.549509997939424,46.54347,8.53434,Airolo,Q69265,TI,164385,56263,https://data.geo.admin.ch/browser/index.html#/collections/ch.swisstopo.lubis-terrestrische_aufnahmen/items/lubis-terrestrische_aufnahmen_000-164-387
File:St. Gotthard - Unter Gfallenalp Ost A-B - Swisstopo 164388.tif,M201247922,2026-10-07T15:39:03Z,164388,1915-08-17,St. Gotthard,Unter Gfallenalp Ost A-B,46.60091,8.64799,2316.0,50.0,8.649199998375689,46.59814999443612,8.681319998940092,46.623299999143725,46.61072,8.66526,Andermatt,Q64019,UR,164389,66620,https://data.geo.admin.ch/browser/index.html#/collections/ch.swisstopo.lubis-terrestrische_aufnahmen/items/lubis-terrestrische_aufnahmen_000-164-388
File:St. Gotthard - Unter Gfallenalp Ost A-B - Swisstopo 164389.tif,M201247950,2026-10-07T15:39:24Z,164389,1915-08-17,St. Gotthard,Unter Gfallenalp Ost A-B,46.6004,8.64861,2318.0,50.0,8.649599994347605,46.5975799971286,8.681319998940092,46.6228999979659,46.61024,8.66546,Andermatt,Q64019,UR,164388,38075,https://data.geo.admin.ch/browser/index.html#/collections/ch.swisstopo.lubis-terrestrische_aufnahmen/items/lubis-terrestrische_aufnahmen_000-164-389
File:St. Gotthard - Motlone West Grat unten - Swisstopo 164390.tif,M201247968,2026-10-07T15:39:41Z,164390,1915-07-29,St. Gotthard,Motlone West Grat unten,46.57018,8.53332,2407.0,19.0,8.526769995731332,46.566439993878284,8.55014999809395,46.58775000141716,46.57709,8.53846,Airolo,Q69265,TI,164391,58711,https://data.geo.admin.ch/browser/index.html#/collections/ch.swisstopo.lubis-terrestrische_aufnahmen/items/lubis-terrestrische_aufnahmen_000-164-390
File:St. Gotthard - Motlone West Grat unten - Swisstopo 164391.tif,M201247990,2026-10-07T15:39:57Z,164391,1915-07-29,St. Gotthard,Motlone West Grat unten,46.57037,8.53255,2415.0,19.0,8.52684000570884,46.56659999889792,8.550040004530475,46.58773000185161,46.57717,8.53844,Airolo,Q69265,TI,164390,63489,https://data.geo.admin.ch/browser/index.html#/collections/ch.swisstopo.lubis-terrestrische_aufnahmen/items/lubis-terrestrische_aufnahmen_000-164-391
File:St. Gotthard - Unter Gfallenalp Ost A-B - Swisstopo 164392.tif,M201248013,2026-10-07T15:40:16Z,164392,1915-08-17,St. Gotthard,Unter Gfallenalp Ost A-B,46.60091,8.64799,2316.0,20.0,8.63994000381201,46.60240000121536,8.675519997081452,46.63706999512666,46.61973,8.65773,Andermatt,Q64019,UR,164393,45762,https://data.geo.admin.ch/browser/index.html#/collections/ch.swisstopo.lubis-terrestrische_aufnahmen/items/lubis-terrestrische_aufnahmen_000-164-392
File:St. Gotthard - Unter Gfallenalp Ost A-B - Swisstopo 164393.tif,M201248034,2026-10-07T15:40:34Z,164393,1915-08-17,St. Gotthard,Unter Gfallenalp Ost A-B,46.6004,8.64861,2318.0,20.0,8.64059999664225,46.6018599942315,8.676489996350439,46.638240001197794,46.62005,8.65854,Andermatt,Q64019,UR,164392,82468,https://data.geo.admin.ch/browser/index.html#/collections/ch.swisstopo.lubis-terrestrische_aufnahmen/items/lubis-terrestrische_aufnahmen_000-164-393
File:St. Gotthard - Unter Gfallenalp Ost B-C - Swisstopo 164394.tif,M201248055,2026-10-07T15:40:54Z,164394,1915-08-17,St. Gotthard,Unter Gfallenalp Ost B-C,46.6004,8.64861,2318.0,101.0,8.653770004556439,46.578920002131824,8.70697000262014,46.60874999403177,46.59383,8.68037,Andermatt,Q64019,UR,164396,51773,https://data.geo.admin.ch/browser/index.html#/collections/ch.swisstopo.lubis-terrestrische_aufnahmen/items/lubis-terrestrische_aufnahmen_000-164-394
File:St. Gotthard - Motlone West Grat unten - Swisstopo 164395.tif,M201248072,2026-10-07T15:41:10Z,164395,1915-07-29,St. Gotthard,Motlone West Grat unten,46.57037,8.53255,2415.0,349.0,8.520650003450429,46.566139997558224,8.542010000772732,46.587679997211396,46.57691,8.53133,Airolo,Q69265,TI,164397,74929,https://data.geo.admin.ch/browser/index.html#/collections/ch.swisstopo.lubis-terrestrische_aufnahmen/items/lubis-terrestrische_aufnahmen_000-164-395
File:St. Gotthard - Unter Gfallenalp Ost B-C - Swisstopo 164396.tif,M201248089,2026-10-07T15:41:29Z,164396,1915-08-17,St. Gotthard,Unter Gfallenalp Ost B-C,46.59991,8.64845,2328.0,101.0,8.653379994072127,46.57715999435286,8.70697000262014,46.609079999041896,46.59312,8.68017,Andermatt,Q64019,UR,164394,60142,https://data.geo.admin.ch/browser/index.html#/collections/ch.swisstopo.lubis-terrestrische_aufnahmen/items/lubis-terrestrische_aufnahmen_000-164-396
File:St. Gotthard - Motlone West Grat unten - Swisstopo 164397.tif,M201248106,2026-10-07T15:41:45Z,164397,1915-07-29,St. Gotthard,Motlone West Grat unten,46.57018,8.53332,2407.0,349.0,8.521770002577577,46.5663299977337,8.543580001084008,46.58773000185161,46.57703,8.53268,Airolo,Q69265,TI,164395,45992,https://data.geo.admin.ch/browser/index.html#/collections/ch.swisstopo.lubis-terrestrische_aufnahmen/items/lubis-terrestrische_aufnahmen_000-164-397
File:St. Gotthard - Motlone West Grat unten - Swisstopo 164398.tif,M201248122,2026-10-07T15:42:02Z,164398,1915-07-29,St. Gotthard,Motlone West Grat unten,46.57018,8.53332,2407.0,49.0,8.576749998549776,46.58533999572497,8.613110003142543,46.612399996149584,46.59887,8.59493,Hospental,Q65681,UR,164400,38393,https://data.geo.admin.ch/browser/index.html#/collections/ch.swisstopo.lubis-terrestrische_aufnahmen/items/lubis-terrestrische_aufnahmen_000-164-398
File:St. Gotthard - Unter Gfallenalp Ost B-C - Swisstopo 164399.tif,M201248140,2026-10-07T15:42:20Z,164399,1915-08-17,St. Gotthard,Unter Gfallenalp Ost B-C,46.6004,8.64861,2318.0,71.0,8.65227999728014,46.59403999922006,8.681319998940092,46.62054999997872,46.60729,8.6668,Andermatt,Q64019,UR,164401,37162,https://data.geo.admin.ch/browser/index.html#/collections/ch.swisstopo.lubis-terrestrische_aufnahmen/items/lubis-terrestrische_aufnahmen_000-164-399
File:St. Gotthard - Motlone West Grat unten - Swisstopo 164400.tif,M201248155,2026-10-07T15:42:37Z,164400,1915-07-29,St. Gotthard,Motlone West Grat unten,46.57037,8.53255,2415.0,49.0,8.574149998776116,46.5872099976885,8.612909999506043,46.61059999804458,46.5989,8.59353,Hospental,Q65681,UR,164398,45991,https://data.geo.admin.ch/browser/index.html#/collections/ch.swisstopo.lubis-terrestrische_aufnahmen/items/lubis-terrestrische_aufnahmen_000-164-400
File:St. Gotthard - Unter Gfallenalp Ost B-C - Swisstopo 164401.tif,M201248169,2026-10-07T15:42:55Z,164401,1915-08-17,St. Gotthard,Unter Gfallenalp Ost B-C,46.59991,8.64845,2328.0,71.0,8.652490003519777,46.593929999132286,8.68133999627492,46.620509993560525,46.60722,8.66691,Andermatt,Q64019,UR,164399,57824,https://data.geo.admin.ch/browser/index.html#/collections/ch.swisstopo.lubis-terrestrische_aufnahmen/items/lubis-terrestrische_aufnahmen_000-164-401
File:St. Gotthard - Unter Gfallenalp Ost B-C - Swisstopo 164402.tif,M201248191,2026-10-07T15:43:11Z,164402,1915-08-17,St. Gotthard,Unter Gfallenalp Ost B-C,46.6004,8.64861,2318.0,131.0,8.644489993837976,46.572399998027215,8.70697000262014,46.604349997084746,46.58837,8.67573,Andermatt,Q64019,UR,164403,86267,https://data.geo.admin.ch/browser/index.html#/collections/ch.swisstopo.lubis-terrestrische_aufnahmen/items/lubis-terrestrische_aufnahmen_000-164-402
File:St. Gotthard - Unter Gfallenalp Ost B-C - Swisstopo 164403.tif,M201248221,2026-10-07T15:43:29Z,164403,1915-08-17,St. Gotthard,Unter Gfallenalp Ost B-C,46.59991,8.64845,2328.0,131.0,8.643620005471714,46.57274000037972,8.70697000262014,46.60443999759303,46.58859,8.6753,Andermatt,Q64019,UR,164402,38919,https://data.geo.admin.ch/browser/index.html#/collections/ch.swisstopo.lubis-terrestrische_aufnahmen/items/lubis-terrestrische_aufnahmen_000-164-403
File:St. Gotthard - Gfallenberg - Swisstopo 164404.tif,M201248258,2026-10-07T15:43:55Z,164404,1915-08-18,St. Gotthard,Gfallenberg,46.60324,8.63136,2683.0,50.0,8.63898000339303,46.60347999939281,8.681449999556555,46.638759998684996,46.62112,8.66022,Andermatt,Q64019,UR,164405,38385,https://data.geo.admin.ch/browser/index.html#/collections/ch.swisstopo.lubis-terrestrische_aufnahmen/items/lubis-terrestrische_aufnahmen_000-164-404
File:St. Gotthard - Gfallenberg - Swisstopo 164405.tif,M201248275,2026-10-07T15:44:11Z,164405,1915-08-18,St. Gotthard,Gfallenberg,46.60148,8.63343,2687.0,50.0,8.641010005436865,46.60158999760415,8.681409999348368,46.63866999876921,46.62013,8.66121,Andermatt,Q64019,UR,164404,83794,https://data.geo.admin.ch/browser/index.html#/collections/ch.swisstopo.lubis-terrestrische_aufnahmen/items/lubis-terrestrische_aufnahmen_000-164-405
File:St. Gotthard - Motlone West Grat oben - Swisstopo 164406.tif,M201248288,2026-10-07T15:44:27Z,164406,1915-07-29,St. Gotthard,Motlone West Grat oben,46.57334,8.52386,2550.0,125.0,8.535950002988347,46.542240002160504,8.606920003953043,46.57311999651144,46.55768,8.57144,Airolo,Q69265,TI,164407,41367,https://data.geo.admin.ch/browser/index.html#/collections/ch.swisstopo.lubis-terrestrische_aufnahmen/items/lubis-terrestrische_aufnahmen_000-164-406
File:St. Gotthard - Motlone West Grat oben - Swisstopo 164407.tif,M201248306,2026-10-07T15:44:44Z,164407,1915-07-29,St. Gotthard,Motlone West Grat oben,46.57309,8.52359,2547.0,125.0,8.536630000823212,46.542240002160504,8.606120001683355,46.572520001659846,46.55738,8.57138,Airolo,Q69265,TI,164406,88325,https://data.geo.admin.ch/browser/index.html#/collections/ch.swisstopo.lubis-terrestrische_aufnahmen/items/lubis-terrestrische_aufnahmen_000-164-407
File:St. Gotthard - Motlone West Grat oben - Swisstopo 164408.tif,M201248326,2026-10-07T15:45:00Z,164408,1915-07-29,St. Gotthard,Motlone West Grat oben,46.57309,8.52359,2547.0,95.0,8.544889995461746,46.54227999461538,8.606879993768398,46.58918999373893,46.56573,8.57588,Airolo,Q69265,TI,164409,63485,https://data.geo.admin.ch/browser/index.html#/collections/ch.swisstopo.lubis-terrestrische_aufnahmen/items/lubis-terrestrische_aufnahmen_000-164-408
File:St. Gotthard - Motlone West Grat oben - Swisstopo 164409.tif,M201248342,2026-10-07T15:45:16Z,164409,1915-07-29,St. Gotthard,Motlone West Grat oben,46.57334,8.52386,2550.0,95.0,8.544710000250697,46.54226999664333,8.606879993768398,46.58918999373893,46.56573,8.57579,Airolo,Q69265,TI,164408,78042,https://data.geo.admin.ch/browser/index.html#/collections/ch.swisstopo.lubis-terrestrische_aufnahmen/items/lubis-terrestrische_aufnahmen_000-164-409
File:St. Gotthard - Motlone West Grat oben - Swisstopo 164410.tif,M201248359,2026-10-07T15:45:34Z,164410,1915-07-29,St. Gotthard,Motlone West Grat oben,46.57309,8.52359,2547.0,155.0,8.536510001910093,46.54100999940515,8.58012999395248,46.56237999574364,46.55169,8.55832,Airolo,Q69265,TI,164411,82233,https://data.geo.admin.ch/browser/index.html#/collections/ch.swisstopo.lubis-terrestrische_aufnahmen/items/lubis-terrestrische_aufnahmen_000-164-410
File:St. Gotthard - Motlone West Grat oben - Swisstopo 164411.tif,M201248373,2026-10-07T15:45:51Z,164411,1915-07-29,St. Gotthard,Motlone West Grat oben,46.57334,8.52386,2550.0,155.0,8.53398000579082,46.544199997540126,8.580019996636981,46.56243999889367,46.55332,8.557,Airolo,Q69265,TI,164410,71670,https://data.geo.admin.ch/browser/index.html#/collections/ch.swisstopo.lubis-terrestrische_aufnahmen/items/lubis-terrestrische_aufnahmen_000-164-411
File:St. Gotthard - Gfallenberg - Swisstopo 164412.tif,M201248389,2026-10-07T15:46:09Z,164412,1915-08-18,St. Gotthard,Gfallenberg,46.60324,8.63136,2683.0,20.0,8.622829998087102,46.611719996868786,8.665190002196011,46.642549995942005,46.62713,8.64401,Andermatt,Q64019,UR,164413,44131,https://data.geo.admin.ch/browser/index.html#/collections/ch.swisstopo.lubis-terrestrische_aufnahmen/items/lubis-terrestrische_aufnahmen_000-164-412
File:St. Gotthard - Gfallenberg - Swisstopo 164413.tif,M201248410,2026-10-07T15:46:26Z,164413,1915-08-18,St. Gotthard,Gfallenberg,46.60148,8.63343,2687.0,20.0,8.624980001365957,46.609639999966056,8.66682000630055,46.642549995942005,46.62609,8.6459,Andermatt,Q64019,UR,164412,44130,https://data.geo.admin.ch/browser/index.html#/collections/ch.swisstopo.lubis-terrestrische_aufnahmen/items/lubis-terrestrische_aufnahmen_000-164-413
File:St. Gotthard - Gfallenberg - Swisstopo 164414.tif,M201248429,2026-10-07T15:46:44Z,164414,1915-08-18,St. Gotthard,Gfallenberg,46.60324,8.63136,2683.0,80.0,8.637290000180448,46.58711999553373,8.707270005581766,46.62353999427035,46.60533,8.67228,Andermatt,Q64019,UR,164415,63483,https://data.geo.admin.ch/browser/index.html#/collections/ch.swisstopo.lubis-terrestrische_aufnahmen/items/lubis-terrestrische_aufnahmen_000-164-414
File:St. Gotthard - Gfallenberg - Swisstopo 164415.tif,M201248440,2026-10-07T15:47:02Z,164415,1915-08-18,St. Gotthard,Gfallenberg,46.60148,8.63343,2687.0,80.0,8.649099999001988,46.5859399998031,8.707270005581766,46.62232000181238,46.60413,8.67819,Andermatt,Q64019,UR,164414,82786,https://data.geo.admin.ch/browser/index.html#/collections/ch.swisstopo.lubis-terrestrische_aufnahmen/items/lubis-terrestrische_aufnahmen_000-164-415
File:St. Gotthard - Ober Gfallenberg West - Swisstopo 164416.tif,M201248464,2026-10-07T15:47:20Z,164416,1915-08-18,St. Gotthard,Ober Gfallenberg West,46.59748,8.63002,2536.0,284.0,8.6054599965922,46.59026999698864,8.635080003109593,46.60495999715613,46.59761,8.62027,Andermatt,Q64019,UR,164417,42725,https://data.geo.admin.ch/browser/index.html#/collections/ch.swisstopo.lubis-terrestrische_aufnahmen/items/lubis-terrestrische_aufnahmen_000-164-416
File:St. Gotthard - Ober Gfallenberg West - Swisstopo 164417.tif,M201248472,2026-10-07T15:47:38Z,164417,1915-08-18,St. Gotthard,Ober Gfallenberg West,46.59797,8.63022,2541.0,284.0,8.602790003912027,46.59030000037042,8.646570000627008,46.606809995102445,46.59855,8.62468,Andermatt,Q64019,UR,164416,58624,https://data.geo.admin.ch/browser/index.html#/collections/ch.swisstopo.lubis-terrestrische_aufnahmen/items/lubis-terrestrische_aufnahmen_000-164-417
File:St. Gotthard - Oberer Gfallenalpsee - Swisstopo 164418.tif,M201248481,2026-10-07T15:47:56Z,164418,1915-08-18,St. Gotthard,Oberer Gfallenalpsee,46.59675,8.63724,2526.0,225.0,8.607770002940248,46.57375000234393,8.642530006286016,46.60168999583523,46.58772,8.62515,Andermatt,Q64019,UR,164419,38918,https://data.geo.admin.ch/browser/index.html#/collections/ch.swisstopo.lubis-terrestrische_aufnahmen/items/lubis-terrestrische_aufnahmen_000-164-418
File:St. Gotthard - Oberer Gfallenalpsee - Swisstopo 164419.tif,M201248496,2026-10-07T15:48:14Z,164419,1915-08-18,St. Gotthard,Oberer Gfallenalpsee,46.59743,8.63626,2532.0,225.0,8.607760000533998,46.573099998543725,8.639129996003708,46.6015799982936,46.58734,8.62344,Andermatt,Q64019,UR,164418,63369,https://data.geo.admin.ch/browser/index.html#/collections/ch.swisstopo.lubis-terrestrische_aufnahmen/items/lubis-terrestrische_aufnahmen_000-164-419
File:St. Gotthard - Monte Prosa Ost Grat - Swisstopo 164420.tif,M201248508,2026-10-07T15:48:31Z,164420,1915-07-28,St. Gotthard,Monte Prosa Ost Grat,46.56369,8.58501,2622.0,315.0,8.518959999465435,46.56040999484874,8.588779994542653,46.600169996579844,46.58029,8.55387,Airolo,Q69265,TI,164421,62806,https://data.geo.admin.ch/browser/index.html#/collections/ch.swisstopo.lubis-terrestrische_aufnahmen/items/lubis-terrestrische_aufnahmen_000-164-420
File:St. Gotthard - Monte Prosa Ost Grat - Swisstopo 164421.tif,M201248516,2026-10-07T15:48:48Z,164421,1915-07-28,St. Gotthard,Monte Prosa Ost Grat,46.5644,8.58607,2615.0,315.0,8.480422166266315,46.613169999768175,8.540680000192001,46.63816000078963,46.62567,8.51055,Hospental,Q65681,UR,164420,55794,https://data.geo.admin.ch/browser/index.html#/collections/ch.swisstopo.lubis-terrestrische_aufnahmen/items/lubis-terrestrische_aufnahmen_000-164-421
File:St. Gotthard - Monte Prosa Ost Grat - Swisstopo 164422.tif,M201248526,2026-10-07T15:49:04Z,164422,1915-07-28,St. Gotthard,Monte Prosa Ost Grat,46.5644,8.58607,2615.0,345.0,8.50578000337702,46.61498999494048,8.542200003398639,46.63732999802948,46.62616,8.52399,Hospental,Q65681,UR,164423,36266,https://data.geo.admin.ch/browser/index.html#/collections/ch.swisstopo.lubis-terrestrische_aufnahmen/items/lubis-terrestrische_aufnahmen_000-164-422
File:St. Gotthard - Monte Prosa Ost Grat - Swisstopo 164423.tif,M201248574,2026-10-07T15:50:22Z,164423,1915-07-28,St. Gotthard,Monte Prosa Ost Grat,46.56369,8.58501,2622.0,345.0,8.503590001410538,46.614939994848484,8.54323999632362,46.639549994466634,46.62724,8.52341,Hospental,Q65681,UR,164422,51839,https://data.geo.admin.ch/browser/index.html#/collections/ch.swisstopo.lubis-terrestrische_aufnahmen/items/lubis-terrestrische_aufnahmen_000-164-423
File:St. Gotthard - Monte Prosa Ost Grat - Swisstopo 164424.tif,M201248585,2026-10-07T15:50:39Z,164424,1915-07-28,St. Gotthard,Monte Prosa Ost Grat,46.5644,8.58607,2615.0,315.0,8.480422166266315,46.611559995923834,8.540659998767469,46.63800999492648,46.62478,8.51054,Hospental,Q65681,UR,164425,38855,https://data.geo.admin.ch/browser/index.html#/collections/ch.swisstopo.lubis-terrestrische_aufnahmen/items/lubis-terrestrische_aufnahmen_000-164-424
File:St. Gotthard - Monte Prosa Ost Grat - Swisstopo 164425.tif,M201248591,2026-10-07T15:50:55Z,164425,1915-07-28,St. Gotthard,Monte Prosa Ost Grat,46.56369,8.58501,2622.0,315.0,8.518959999465435,46.56044999978314,8.588519999521518,46.600169996579844,46.58031,8.55374,Airolo,Q69265,TI,164424,82796,https://data.geo.admin.ch/browser/index.html#/collections/ch.swisstopo.lubis-terrestrische_aufnahmen/items/lubis-terrestrische_aufnahmen_000-164-425
File:St. Gotthard - Oberer Gfallenalpsee - Swisstopo 164426.tif,M201248607,2026-10-07T15:51:14Z,164426,1915-08-18,St. Gotthard,Oberer Gfallenalpsee,46.59675,8.63724,2526.0,195.0,8.611230003003719,46.56355999784067,8.649360001141032,46.59972000208738,46.58164,8.6303,Andermatt,Q64019,UR,164427,48501,https://data.geo.admin.ch/browser/index.html#/collections/ch.swisstopo.lubis-terrestrische_aufnahmen/items/lubis-terrestrische_aufnahmen_000-164-426
File:St. Gotthard - Oberer Gfallenalpsee - Swisstopo 164427.tif,M201248663,2026-10-07T15:52:33Z,164427,1915-08-18,St. Gotthard,Oberer Gfallenalpsee,46.59743,8.63626,2532.0,195.0,8.610219996665855,46.5635299965429,8.649840003751436,46.599240002327754,46.58138,8.63003,Andermatt,Q64019,UR,164426,68164,https://data.geo.admin.ch/browser/index.html#/collections/ch.swisstopo.lubis-terrestrische_aufnahmen/items/lubis-terrestrische_aufnahmen_000-164-427
File:St. Gotthard - Oberer Gfallenalpsee - Swisstopo 164428.tif,M201248680,2026-10-07T15:52:51Z,164428,1915-08-18,St. Gotthard,Oberer Gfallenalpsee,46.59675,8.63724,2526.0,255.0,8.605390001858856,46.57829999418889,8.641689999259308,46.60428000187292,46.59129,8.62354,Andermatt,Q64019,UR,164431,40382,https://data.geo.admin.ch/browser/index.html#/collections/ch.swisstopo.lubis-terrestrische_aufnahmen/items/lubis-terrestrische_aufnahmen_000-164-428
File:St. Gotthard - Val Giuf Ost - Swisstopo 164429.tif,M201248690,2026-10-07T15:53:07Z,164429,1917-09-19,St. Gotthard,Val Giuf Ost,46.68848,8.70713,2293.0,228.1,8.69032999790602,46.674300004907224,8.709299998912883,46.6926900088701,46.6835,8.69981,Tujetsch,Q64280,GR,164430,78041,https://data.geo.admin.ch/browser/index.html#/collections/ch.swisstopo.lubis-terrestrische_aufnahmen/items/lubis-terrestrische_aufnahmen_000-164-429
File:St. Gotthard - Val Giuf Ost - Swisstopo 164430.tif,M201248700,2026-10-07T15:53:24Z,164430,1917-09-19,St. Gotthard,Val Giuf Ost,46.68884,8.70666,2290.0,228.0,8.68896000017964,46.67437000789677,8.708999994700251,46.6930600077912,46.68372,8.69898,Tujetsch,Q64280,GR,164429,50476,https://data.geo.admin.ch/browser/index.html#/collections/ch.swisstopo.lubis-terrestrische_aufnahmen/items/lubis-terrestrische_aufnahmen_000-164-430
File:St. Gotthard - Oberer Gfallenalpsee - Swisstopo 164431.tif,M201248715,2026-10-07T15:53:41Z,164431,1915-08-18,St. Gotthard,Oberer Gfallenalpsee,46.59743,8.63626,2532.0,255.0,8.605390001858856,46.579769998414164,8.641620003374396,46.60477999922419,46.59227,8.62351,Andermatt,Q64019,UR,164428,90665,https://data.geo.admin.ch/browser/index.html#/collections/ch.swisstopo.lubis-terrestrische_aufnahmen/items/lubis-terrestrische_aufnahmen_000-164-431
File:St. Gotthard - Gurschenstock Ostgrat - Swisstopo 164432.tif,M201248736,2026-10-07T15:53:58Z,164432,1915-08-20,St. Gotthard,Gurschenstock Ostgrat,46.61084,8.63368,2298.0,40.0,8.633700001867213,46.61067000229651,8.665509999859418,46.63830999515964,46.62449,8.64961,Andermatt,Q64019,UR,164433,46494,https://data.geo.admin.ch/browser/index.html#/collections/ch.swisstopo.lubis-terrestrische_aufnahmen/items/lubis-terrestrische_aufnahmen_000-164-432
File:St. Gotthard - Gurschenstock Ostgrat - Swisstopo 164433.tif,M201248755,2026-10-07T15:54:15Z,164433,1915-08-20,St. Gotthard,Gurschenstock Ostgrat,46.61044,8.63437,2291.0,40.0,8.634430000669864,46.61007000162073,8.665260005084871,46.638299995452655,46.62418,8.64985,Andermatt,Q64019,UR,164432,45854,https://data.geo.admin.ch/browser/index.html#/collections/ch.swisstopo.lubis-terrestrische_aufnahmen/items/lubis-terrestrische_aufnahmen_000-164-433
File:St. Gotthard - Gurschenstock Ostgrat - Swisstopo 164434.tif,M201248765,2026-10-07T15:54:32Z,164434,1915-08-20,St. Gotthard,Gurschenstock Ostgrat,46.61084,8.63368,2298.0,10.0,8.612719998202758,46.6161699961372,8.65920000233009,46.67189000840302,46.64403,8.63596,Andermatt,Q64019,UR,164435,46495,https://data.geo.admin.ch/browser/index.html#/collections/ch.swisstopo.lubis-terrestrische_aufnahmen/items/lubis-terrestrische_aufnahmen_000-164-434
File:St. Gotthard - Gurschenstock Ostgrat - Swisstopo 164435.tif,M201248787,2026-10-07T15:54:50Z,164435,1915-08-20,St. Gotthard,Gurschenstock Ostgrat,46.61044,8.63437,2291.0,10.0,8.61026999907129,46.615479995266014,8.660119999045216,46.676380004939986,46.64593,8.63519,Andermatt,Q64019,UR,164434,71049,https://data.geo.admin.ch/browser/index.html#/collections/ch.swisstopo.lubis-terrestrische_aufnahmen/items/lubis-terrestrische_aufnahmen_000-164-435
File:St. Gotthard - Valletta Süd A-B - Swisstopo 164436.tif,M201248805,2026-10-07T15:55:08Z,164436,1915-08-03,St. Gotthard,Valletta Süd A-B,46.5473,8.53597,2572.0,222.0,8.515480006389872,46.53562999947006,8.539330003885723,46.55002999444303,46.54283,8.52741,Airolo,Q69265,TI,164441,90369,https://data.geo.admin.ch/browser/index.html#/collections/ch.swisstopo.lubis-terrestrische_aufnahmen/items/lubis-terrestrische_aufnahmen_000-164-436
File:St. Gotthard - Gurschenstock Ostgrat - Swisstopo 164437.tif,M201248823,2026-10-07T15:55:27Z,164437,1915-08-20,St. Gotthard,Gurschenstock Ostgrat,46.61084,8.63368,2298.0,70.0,8.642599994797015,46.60394999974142,8.68133000255477,46.631100001067715,46.61753,8.66196,Andermatt,Q64019,UR,164438,36267,https://data.geo.admin.ch/browser/index.html#/collections/ch.swisstopo.lubis-terrestrische_aufnahmen/items/lubis-terrestrische_aufnahmen_000-164-437
File:St. Gotthard - Gurschenstock Ostgrat - Swisstopo 164438.tif,M201248837,2026-10-07T15:55:44Z,164438,1915-08-20,St. Gotthard,Gurschenstock Ostgrat,46.61044,8.63437,2291.0,70.0,8.629830004120217,46.603539994892344,8.681289996842128,46.630119997110654,46.61683,8.65556,Andermatt,Q64019,UR,164437,82238,https://data.geo.admin.ch/browser/index.html#/collections/ch.swisstopo.lubis-terrestrische_aufnahmen/items/lubis-terrestrische_aufnahmen_000-164-438
File:St. Gotthard - Gurschenstock Ostgrat - Swisstopo 164439.tif,M201248853,2026-10-07T15:56:02Z,164439,1915-08-20,St. Gotthard,Gurschenstock Ostgrat,46.61084,8.63368,2298.0,70.0,8.64064999414465,46.60399999835834,8.681220001641188,46.63058999614001,46.61729,8.66093,Andermatt,Q64019,UR,164440,71677,https://data.geo.admin.ch/browser/index.html#/collections/ch.swisstopo.lubis-terrestrische_aufnahmen/items/lubis-terrestrische_aufnahmen_000-164-439
File:St. Gotthard - Gurschenstock Ostgrat - Swisstopo 164440.tif,M201248873,2026-10-07T15:56:20Z,164440,1915-08-20,St. Gotthard,Gurschenstock Ostgrat,46.61044,8.63437,2291.0,70.0,8.640940005009156,46.60354999815109,8.68133000255477,46.62960999544598,46.61658,8.66114,Andermatt,Q64019,UR,164439,84726,https://data.geo.admin.ch/browser/index.html#/collections/ch.swisstopo.lubis-terrestrische_aufnahmen/items/lubis-terrestrische_aufnahmen_000-164-440
File:St. Gotthard - Valletta Süd A-B - Swisstopo 164441.tif,M201248890,2026-10-07T15:56:37Z,164441,1915-08-03,St. Gotthard,Valletta Süd A-B,46.54757,8.53555,2557.0,222.0,8.515520000837984,46.53565999609749,8.541209998389741,46.55179999929375,46.54373,8.52836,Airolo,Q69265,TI,164436,43808,https://data.geo.admin.ch/browser/index.html#/collections/ch.swisstopo.lubis-terrestrische_aufnahmen/items/lubis-terrestrische_aufnahmen_000-164-441
File:St. Gotthard - Valletta Süd A-B - Swisstopo 164442.tif,M201248910,2026-10-07T15:56:56Z,164442,1915-08-03,St. Gotthard,Valletta Süd A-B,46.5473,8.53597,2572.0,221.9,8.517659998910917,46.535630000434345,8.540350000973405,46.550399994107146,46.54301,8.529,Airolo,Q69265,TI,164443,83745,https://data.geo.admin.ch/browser/index.html#/collections/ch.swisstopo.lubis-terrestrische_aufnahmen/items/lubis-terrestrische_aufnahmen_000-164-442
File:St. Gotthard - Valletta Süd A-B - Swisstopo 164443.tif,M201248921,2026-10-07T15:57:13Z,164443,1915-08-03,St. Gotthard,Valletta Süd A-B,46.54757,8.53555,2557.0,221.9,8.517209995745553,46.535630000434345,8.539570004180094,46.55073000101858,46.54318,8.52839,Airolo,Q69265,TI,164442,63134,https://data.geo.admin.ch/browser/index.html#/collections/ch.swisstopo.lubis-terrestrische_aufnahmen/items/lubis-terrestrische_aufnahmen_000-164-443
File:St. Gotthard - Valletta Süd A-B - Swisstopo 164444.tif,M201248936,2026-10-07T15:57:30Z,164444,1915-08-03,St. Gotthard,Valletta Süd A-B,46.5473,8.53597,2572.0,192.0,8.49658999857452,46.46407999494409,8.530460005353149,46.49401999372762,46.47905,8.51353,Bedretto,Q67035,TI,164445,66690,https://data.geo.admin.ch/browser/index.html#/collections/ch.swisstopo.lubis-terrestrische_aufnahmen/items/lubis-terrestrische_aufnahmen_000-164-444
File:St. Gotthard - Valletta Süd A-B - Swisstopo 164445.tif,M201248953,2026-10-07T15:57:49Z,164445,1915-08-03,St. Gotthard,Valletta Süd A-B,46.54757,8.53555,2557.0,192.0,8.5118699938547,46.47769000116353,8.544259996548533,46.49425999726589,46.48597,8.52806,Bedretto,Q67035,TI,164444,44128,https://data.geo.admin.ch/browser/index.html#/collections/ch.swisstopo.lubis-terrestrische_aufnahmen/items/lubis-terrestrische_aufnahmen_000-164-445
File:St. Gotthard - Geissberg Ostgrat - Swisstopo 164446.tif,M201248974,2026-10-07T15:58:06Z,164446,1915-08-20,St. Gotthard,Geissberg Ostgrat,46.61841,8.62723,2133.0,43.0,8.62141000620556,46.61288000020573,8.661249999557546,46.64239999431734,46.62764,8.64133,Andermatt,Q64019,UR,164447,44124,https://data.geo.admin.ch/browser/index.html#/collections/ch.swisstopo.lubis-terrestrische_aufnahmen/items/lubis-terrestrische_aufnahmen_000-164-446
File:St. Gotthard - Geissberg Ostgrat - Swisstopo 164447.tif,M201248990,2026-10-07T15:58:24Z,164447,1915-08-20,St. Gotthard,Geissberg Ostgrat,46.61791,8.62798,2150.0,43.0,8.622919994596037,46.61237000108132,8.662079996121541,46.64247999500723,46.62742,8.6425,Andermatt,Q64019,UR,164446,61348,https://data.geo.admin.ch/browser/index.html#/collections/ch.swisstopo.lubis-terrestrische_aufnahmen/items/lubis-terrestrische_aufnahmen_000-164-447
File:St. Gotthard - Geissberg Ostgrat - Swisstopo 164448.tif,M201249003,2026-10-07T15:58:42Z,164448,1915-08-20,St. Gotthard,Geissberg Ostgrat,46.61841,8.62723,2133.0,43.0,8.627160001088725,46.61728999513617,8.659349993997536,46.64251999932471,46.6299,8.64325,Andermatt,Q64019,UR,164449,45980,https://data.geo.admin.ch/browser/index.html#/collections/ch.swisstopo.lubis-terrestrische_aufnahmen/items/lubis-terrestrische_aufnahmen_000-164-448
File:St. Gotthard - Geissberg Ostgrat - Swisstopo 164449.tif,M201249037,2026-10-07T15:59:01Z,164449,1915-08-20,St. Gotthard,Geissberg Ostgrat,46.61791,8.62798,2150.0,43.0,8.627829998226657,46.61676000100088,8.65949999412004,46.64225999393691,46.62951,8.64366,Andermatt,Q64019,UR,164448,83124,https://data.geo.admin.ch/browser/index.html#/collections/ch.swisstopo.lubis-terrestrische_aufnahmen/items/lubis-terrestrische_aufnahmen_000-164-449
File:St. Gotthard - Valletta Süd B-C - Swisstopo 164450.tif,M201249049,2026-10-07T15:59:18Z,164450,1915-08-03,St. Gotthard,Valletta Süd B-C,46.54757,8.53555,2557.0,278.0,8.510649998151775,46.539200000492094,8.533119994524192,46.561119994312655,46.55016,8.52188,Airolo,Q69265,TI,164452,74930,https://data.geo.admin.ch/browser/index.html#/collections/ch.swisstopo.lubis-terrestrische_aufnahmen/items/lubis-terrestrische_aufnahmen_000-164-450
File:St. Gotthard - Geissberg Ostgrat - Swisstopo 164451.tif,M201249067,2026-10-07T15:59:40Z,164451,1915-08-20,St. Gotthard,Geissberg Ostgrat,46.61841,8.62723,2133.0,13.0,8.613199993414616,46.621230000723735,8.651309994274778,46.67267000664658,46.64695,8.63225,Andermatt,Q64019,UR,164454,50575,https://data.geo.admin.ch/browser/index.html#/collections/ch.swisstopo.lubis-terrestrische_aufnahmen/items/lubis-terrestrische_aufnahmen_000-164-451
File:St. Gotthard - Valletta Süd B-C - Swisstopo 164452.tif,M201249085,2026-10-07T15:59:57Z,164452,1915-08-03,St. Gotthard,Valletta Süd B-C,46.548,8.53565,2562.0,278.0,8.511180002810026,46.53950999944751,8.532949998530286,46.560489996377,46.55,8.52207,Airolo,Q69265,TI,164450,83170,https://data.geo.admin.ch/browser/index.html#/collections/ch.swisstopo.lubis-terrestrische_aufnahmen/items/lubis-terrestrische_aufnahmen_000-164-452
File:St. Gotthard - Valletta Süd B-C - Swisstopo 164453.tif,M201249109,2026-10-07T16:00:14Z,164453,1915-08-03,St. Gotthard,Valletta Süd B-C,46.54757,8.53555,2557.0,248.0,8.513090003546525,46.53751000178718,8.536790002794442,46.552869993602926,46.54519,8.52494,Airolo,Q69265,TI,164459,66639,https://data.geo.admin.ch/browser/index.html#/collections/ch.swisstopo.lubis-terrestrische_aufnahmen/items/lubis-terrestrische_aufnahmen_000-164-453
File:St. Gotthard - Geissberg Ostgrat - Swisstopo 164454.tif,M201249133,2026-10-07T16:00:32Z,164454,1915-08-20,St. Gotthard,Geissberg Ostgrat,46.61791,8.62798,2150.0,13.0,8.61362000414892,46.62047000234905,8.649960005439118,46.683910005214635,46.65219,8.63179,Andermatt,Q64019,UR,164451,71527,https://data.geo.admin.ch/browser/index.html#/collections/ch.swisstopo.lubis-terrestrische_aufnahmen/items/lubis-terrestrische_aufnahmen_000-164-454
File:St. Gotthard - Geissberg Ostgrat - Swisstopo 164455.tif,M201249155,2026-10-07T16:00:48Z,164455,1915-08-20,St. Gotthard,Geissberg Ostgrat,46.61841,8.62723,2133.0,73.0,8.621479995212649,46.61099000065888,8.666020003678472,46.63749999424157,46.62424,8.64375,Andermatt,Q64019,UR,164458,71743,https://data.geo.admin.ch/browser/index.html#/collections/ch.swisstopo.lubis-terrestrische_aufnahmen/items/lubis-terrestrische_aufnahmen_000-164-455
File:St. Gotthard - Valletta Süd B-C - Swisstopo 164456.tif,M201249161,2026-10-07T16:01:06Z,164456,1915-08-03,St. Gotthard,Valletta Süd B-C,46.54757,8.53555,2557.0,248.0,8.513080004765337,46.535729996304624,8.535620002540714,46.552790001917316,46.54426,8.52435,Airolo,Q69265,TI,164457,76172,https://data.geo.admin.ch/browser/index.html#/collections/ch.swisstopo.lubis-terrestrische_aufnahmen/items/lubis-terrestrische_aufnahmen_000-164-456
File:St. Gotthard - Valletta Süd B-C - Swisstopo 164457.tif,M201249175,2026-10-07T16:01:23Z,164457,1915-08-03,St. Gotthard,Valletta Süd B-C,46.548,8.53565,2562.0,248.0,8.513049993535843,46.537590001272356,8.535630003940026,46.553179998433116,46.54538,8.52434,Airolo,Q69265,TI,164456,83517,https://data.geo.admin.ch/browser/index.html#/collections/ch.swisstopo.lubis-terrestrische_aufnahmen/items/lubis-terrestrische_aufnahmen_000-164-457
File:St. Gotthard - Geissberg Ostgrat - Swisstopo 164458.tif,M201249193,2026-10-07T16:01:47Z,164458,1915-08-20,St. Gotthard,Geissberg Ostgrat,46.61791,8.62798,2150.0,73.0,8.622209996406896,46.61062999909993,8.66597999375053,46.63742999449535,46.62403,8.64409,Andermatt,Q64019,UR,164455,45764,https://data.geo.admin.ch/browser/index.html#/collections/ch.swisstopo.lubis-terrestrische_aufnahmen/items/lubis-terrestrische_aufnahmen_000-164-458
File:St. Gotthard - Valletta Süd B-C - Swisstopo 164459.tif,M201249200,2026-10-07T16:02:04Z,164459,1915-08-03,St. Gotthard,Valletta Süd B-C,46.548,8.53565,2562.0,248.0,8.513079999265106,46.537479999193756,8.537230003690183,46.55329999807,46.54539,8.52516,Airolo,Q69265,TI,164453,46492,https://data.geo.admin.ch/browser/index.html#/collections/ch.swisstopo.lubis-terrestrische_aufnahmen/items/lubis-terrestrische_aufnahmen_000-164-459
File:St. Gotthard - Geissberg Ostgrat - Swisstopo 164460.tif,M201249219,2026-10-07T16:02:22Z,164460,1915-08-20,St. Gotthard,Geissberg Ostgrat,46.61841,8.62723,2133.0,73.0,8.632420001849953,46.61084999758978,8.665690003014888,46.63578000033111,46.62331,8.64906,Andermatt,Q64019,UR,164461,38076,https://data.geo.admin.ch/browser/index.html#/collections/ch.swisstopo.lubis-terrestrische_aufnahmen/items/lubis-terrestrische_aufnahmen_000-164-460
File:St. Gotthard - Geissberg Ostgrat - Swisstopo 164461.tif,M201249227,2026-10-07T16:02:41Z,164461,1915-08-20,St. Gotthard,Geissberg Ostgrat,46.61791,8.62798,2150.0,73.0,8.632950000106486,46.6106399956356,8.665769997077849,46.63510000188684,46.62287,8.64936,Andermatt,Q64019,UR,164460,66685,https://data.geo.admin.ch/browser/index.html#/collections/ch.swisstopo.lubis-terrestrische_aufnahmen/items/lubis-terrestrische_aufnahmen_000-164-461
File:St. Gotthard - Crispalt Ost - Swisstopo 164339.tif,M192215506,2026-10-07T16:29:10Z,164339,1917-09-10,St. Gotthard,Crispalt Ost,46.68441,8.7003,2549.0,49.0,8.704299468327068,46.68557920945235,8.715038802729039,46.6961552990835,46.69087,8.70967,Tujetsch,Q64280,GR,164340,44212,https://data.geo.admin.ch/browser/index.html#/collections/ch.swisstopo.lubis-terrestrische_aufnahmen/items/lubis-terrestrische_aufnahmen_000-164-339
File:St. Gotthard - Crispalt Ost - Swisstopo 164340.tif,M192215762,2026-10-07T16:29:33Z,164340,1917-09-10,St. Gotthard,Crispalt Ost,46.68343,8.70055,2551.0,49.0,8.699530004611448,46.681420005201225,8.719519994162052,46.70114000661048,46.69128,8.70952,Tujetsch,Q64280,GR,164339,88323,https://data.geo.admin.ch/browser/index.html#/collections/ch.swisstopo.lubis-terrestrische_aufnahmen/items/lubis-terrestrische_aufnahmen_000-164-340
File:St. Gotthard - Val Giuf West - Swisstopo 164341.tif,M192215770,2026-10-07T16:29:56Z,164341,1917-09-11,St. Gotthard,Val Giuf West,46.67779,8.70423,2334.0,83.0,8.706550006229472,46.65214999451664,8.83491504926063,46.702080003735816,46.67711,8.77073,Tujetsch,Q64280,GR,164342,63126,https://data.geo.admin.ch/browser/index.html#/collections/ch.swisstopo.lubis-terrestrische_aufnahmen/items/lubis-terrestrische_aufnahmen_000-164-341
File:St. Gotthard - Val Giuf West - Swisstopo 164342.tif,M192215778,2026-10-07T16:30:18Z,164342,1917-09-11,St. Gotthard,Val Giuf West,46.67847,8.70353,2355.0,83.0,8.705939998000733,46.651430001371494,8.83421363433942,46.702490001985595,46.67696,8.77008,Tujetsch,Q64280,GR,164341,88863,https://data.geo.admin.ch/browser/index.html#/collections/ch.swisstopo.lubis-terrestrische_aufnahmen/items/lubis-terrestrische_aufnahmen_000-164-342
File:St. Gotthard - Valetta Nord B-C - Swisstopo 164343.tif,M192215786,2026-10-07T16:30:42Z,164343,1915-08-01,St. Gotthard,Valetta Nord B-C,46.55001,8.53608,2520.0,327.0,8.51204000050429,46.54943000192692,8.538860003251362,46.584650000667736,46.56704,8.52545,Airolo,Q69265,TI,164346,89449,https://data.geo.admin.ch/browser/index.html#/collections/ch.swisstopo.lubis-terrestrische_aufnahmen/items/lubis-terrestrische_aufnahmen_000-164-343
File:St. Gotthard - Val Giuf West - Swisstopo 164344.tif,M192215793,2026-10-07T16:31:05Z,164344,1917-09-11,St. Gotthard,Val Giuf West,46.67779,8.70423,2334.0,53.0,8.704560005366567,46.67477000317014,8.732340003518276,46.693730001625326,46.68425,8.71845,Tujetsch,Q64280,GR,164345,71529,https://data.geo.admin.ch/browser/index.html#/collections/ch.swisstopo.lubis-terrestrische_aufnahmen/items/lubis-terrestrische_aufnahmen_000-164-344
File:St. Gotthard - Val Giuf West - Swisstopo 164345.tif,M192215799,2026-10-07T16:31:28Z,164345,1917-09-11,St. Gotthard,Val Giuf West,46.67847,8.70353,2355.0,53.0,8.777340003175041,46.683510009222694,8.808770000788643,46.70388001006685,46.6937,8.79306,Tujetsch,Q64280,GR,164344,91090,https://data.geo.admin.ch/browser/index.html#/collections/ch.swisstopo.lubis-terrestrische_aufnahmen/items/lubis-terrestrische_aufnahmen_000-164-345
File:St. Gotthard - Valetta Nord B-C - Swisstopo 164346.tif,M192215809,2026-10-07T16:31:52Z,164346,1915-08-01,St. Gotthard,Valetta Nord B-C,46.55042,8.53701,2533.0,327.0,8.51217000031936,46.55003999616318,8.539920006098727,46.58595999379667,46.568,8.52605,Airolo,Q69265,TI,164343,63129,https://data.geo.admin.ch/browser/index.html#/collections/ch.swisstopo.lubis-terrestrische_aufnahmen/items/lubis-terrestrische_aufnahmen_000-164-346
File:St. Gotthard - Val Giuf West - Swisstopo 164347.tif,M192215814,2026-10-07T16:32:15Z,164347,1917-09-11,St. Gotthard,Val Giuf West,46.67779,8.70423,2334.0,23.0,8.697910005900019,46.674460004662656,8.720909999389773,46.70483000754824,46.68965,8.70941,Tujetsch,Q64280,GR,164348,58623,https://data.geo.admin.ch/browser/index.html#/collections/ch.swisstopo.lubis-terrestrische_aufnahmen/items/lubis-terrestrische_aufnahmen_000-164-347
File:St. Gotthard - Val Giuf West - Swisstopo 164348.tif,M192215822,2026-10-07T16:32:36Z,164348,1917-09-11,St. Gotthard,Val Giuf West,46.67847,8.70353,2355.0,23.0,8.697639995946458,46.67530001052655,8.720249999557822,46.7048400084957,46.69007,8.70894,Tujetsch,Q64280,GR,164347,48515,https://data.geo.admin.ch/browser/index.html#/collections/ch.swisstopo.lubis-terrestrische_aufnahmen/items/lubis-terrestrische_aufnahmen_000-164-348
File:St. Gotthard - Valetta Nord B-C - Swisstopo 164349.tif,M192215841,2026-10-07T16:33:00Z,164349,1915-08-01,St. Gotthard,Valetta Nord B-C,46.55001,8.53608,2520.0,357.0,8.518899999321931,46.55086999702493,8.555630000956711,46.58773000185161,46.5693,8.53727,Airolo,Q69265,TI,164350,77728,https://data.geo.admin.ch/browser/index.html#/collections/ch.swisstopo.lubis-terrestrische_aufnahmen/items/lubis-terrestrische_aufnahmen_000-164-349
File:St. Gotthard - Valetta Nord B-C - Swisstopo 164350.tif,M192215855,2026-10-07T16:33:23Z,164350,1915-08-01,St. Gotthard,Valetta Nord B-C,46.55042,8.53701,2533.0,357.0,8.518839999340848,46.55170000220532,8.555489998194309,46.58773000185161,46.56972,8.53716,Airolo,Q69265,TI,164349,75478,https://data.geo.admin.ch/browser/index.html#/collections/ch.swisstopo.lubis-terrestrische_aufnahmen/items/lubis-terrestrische_aufnahmen_000-164-350
File:St. Gotthard - Furkaegg - Swisstopo 164351.tif,M192215875,2026-10-07T16:36:50Z,164351,1915-08-11,St. Gotthard,Furkaegg,46.5838,8.57387,2604.0,47.0,8.568550001892781,46.57867999533408,8.613340005963313,46.60887000017125,46.59377,8.59095,Hospental,Q65681,UR,164352,34696,https://data.geo.admin.ch/browser/index.html#/collections/ch.swisstopo.lubis-terrestrische_aufnahmen/items/lubis-terrestrische_aufnahmen_000-164-351
File:St. Gotthard - Furkaegg - Swisstopo 164352.tif,M192215891,2026-10-07T16:37:16Z,164352,1915-08-11,St. Gotthard,Furkaegg,46.58298,8.57494,2597.0,47.0,8.568350002650117,46.57705999609922,8.602680001424657,46.59972999542035,46.58839,8.58552,Hospental,Q65681,UR,164351,45894,https://data.geo.admin.ch/browser/index.html#/collections/ch.swisstopo.lubis-terrestrische_aufnahmen/items/lubis-terrestrische_aufnahmen_000-164-352
File:St. Gotthard - Piz Ner West - Swisstopo 164353.tif,M192215899,2026-10-07T16:37:38Z,164353,1917-09-18,St. Gotthard,Piz Ner West,46.6931,8.70564,2516.0,215.0,8.686190001921487,46.674420003813175,8.707900000204566,46.69606000677594,46.68524,8.69705,Tujetsch,Q64280,GR,164355,83164,https://data.geo.admin.ch/browser/index.html#/collections/ch.swisstopo.lubis-terrestrische_aufnahmen/items/lubis-terrestrische_aufnahmen_000-164-353
File:St. Gotthard - Furkaegg - Swisstopo 164354.tif,M192215912,2026-10-07T16:38:01Z,164354,1915-08-11,St. Gotthard,Furkaegg,46.5838,8.57387,2604.0,17.0,8.559509997204726,46.586729993860445,8.634282538227167,46.66535575714728,46.62604,8.5969,Andermatt,Q64019,UR,164356,34695,https://data.geo.admin.ch/browser/index.html#/collections/ch.swisstopo.lubis-terrestrische_aufnahmen/items/lubis-terrestrische_aufnahmen_000-164-354
File:St. Gotthard - Piz Ner West - Swisstopo 164355.tif,M192215919,2026-10-07T16:38:24Z,164355,1917-09-18,St. Gotthard,Piz Ner West,46.69365,8.70529,2516.0,215.0,8.685870001404204,46.67436000693278,8.707789998110528,46.69663000355084,46.6855,8.69683,Tujetsch,Q64280,GR,164353,59682,https://data.geo.admin.ch/browser/index.html#/collections/ch.swisstopo.lubis-terrestrische_aufnahmen/items/lubis-terrestrische_aufnahmen_000-164-355
File:St. Gotthard - Furkaegg - Swisstopo 164356.tif,M192215929,2026-10-07T16:38:47Z,164356,1915-08-11,St. Gotthard,Furkaegg,46.58298,8.57494,2597.0,17.0,8.559799993603148,46.58591000102194,8.597119998381038,46.65214000067191,46.61903,8.57846,Hospental,Q65681,UR,164354,47187,https://data.geo.admin.ch/browser/index.html#/collections/ch.swisstopo.lubis-terrestrische_aufnahmen/items/lubis-terrestrische_aufnahmen_000-164-356
File:St. Gotthard - Piz Ner West - Swisstopo 164357.tif,M192215936,2026-10-07T16:39:10Z,164357,1917-09-18,St. Gotthard,Piz Ner West,46.69365,8.70529,2516.0,245.0,8.683310002954606,46.67956000240184,8.706220001929921,46.6987500044532,46.68916,8.69477,Tujetsch,Q64280,GR,164358,42390,https://data.geo.admin.ch/browser/index.html#/collections/ch.swisstopo.lubis-terrestrische_aufnahmen/items/lubis-terrestrische_aufnahmen_000-164-357
File:St. Gotthard - Piz Ner West - Swisstopo 164358.tif,M192215945,2026-10-07T16:39:33Z,164358,1917-09-18,St. Gotthard,Piz Ner West,46.6931,8.70564,2516.0,245.0,8.683310006299655,46.67907000230142,8.712700002748363,46.69823000952642,46.68865,8.69801,Tujetsch,Q64280,GR,164357,84718,https://data.geo.admin.ch/browser/index.html#/collections/ch.swisstopo.lubis-terrestrische_aufnahmen/items/lubis-terrestrische_aufnahmen_000-164-358
File:Bergell - Piz Lizun Ost - Swisstopo 166097.tif,M201255247,2026-10-07T17:59:22Z,166097,1920-07-10,Bergell,Piz Lizun Ost,46.38381,9.64296,2283.0,62.0,9.661540000565225,46.38498999901871,9.757014000414864,46.42977801084477,46.40738,9.70928,Bregaglia,Q70677,GR,166094,76581,https://data.geo.admin.ch/browser/index.html#/collections/ch.swisstopo.lubis-terrestrische_aufnahmen/items/lubis-terrestrische_aufnahmen_000-166-097
File:St. Gotthard - Alp Tgom - Swisstopo 164753.tif,M201255248,2026-10-07T17:59:22Z,164753,1916-06-25,St. Gotthard,Alp Tgom,46.66567,8.76744,1935.0,329.0,8.70721999546464,46.67034000945722,8.769379994398344,46.73825000713897,46.7043,8.7383,Tujetsch,Q64280,GR,164754,60149,https://data.geo.admin.ch/browser/index.html#/collections/ch.swisstopo.lubis-terrestrische_aufnahmen/items/lubis-terrestrische_aufnahmen_000-164-753
File:St. Gotthard - Alpe Farre West A-B (Tamaro) - Swisstopo 164656.tif,M201255249,2026-10-07T17:59:23Z,164656,1916-10-13,St. Gotthard,Alpe Farre West A-B (Tamaro),46.08539,8.88279,1462.0,43.0,8.883080004113246,46.084949997119416,9.006934489290721,46.14000999960109,46.11248,8.94501,Monteceneri,Q70633,TI,164655,34688,https://data.geo.admin.ch/browser/index.html#/collections/ch.swisstopo.lubis-terrestrische_aufnahmen/items/lubis-terrestrische_aufnahmen_000-164-656
File:St. Gotthard - Vormigel West A-B - Swisstopo 164495.tif,M201255250,2026-10-07T17:59:23Z,164495,1915-08-24,St. Gotthard,Vormigel West A-B,46.59473,8.6531,2145.0,66.0,8.652280004769962,46.589669996776735,8.675470002932242,46.61100999464616,46.60034,8.66388,Andermatt,Q64019,UR,164493,42385,https://data.geo.admin.ch/browser/index.html#/collections/ch.swisstopo.lubis-terrestrische_aufnahmen/items/lubis-terrestrische_aufnahmen_000-164-495
File:St. Gotthard - Kastelhorn Süd A-B - Swisstopo 164462.tif,M201255260,2026-10-07T17:59:33Z,164462,1915-08-21,St. Gotthard,Kastelhorn Süd A-B,46.59021,8.59892,2666.0,189.0,8.581019993794056,46.571020002348746,8.610099993718825,46.59239999623021,46.58171,8.59556,Hospental,Q65681,UR,164463,82793,https://data.geo.admin.ch/browser/index.html#/collections/ch.swisstopo.lubis-terrestrische_aufnahmen/items/lubis-terrestrische_aufnahmen_000-164-462
File:Simplon - Hübschhorn West - Swisstopo 345841.tif,M201255263,2026-10-07T17:59:34Z,345841,1929-07-15,Simplon,Hübschhorn West,46.23285,8.03643,2456.0,232.0,7.981460000594538,46.19851999877386,8.024239997169978,46.22815999835979,46.21334,8.00285,Simplon,Q69194,VS,345839,43191,https://data.geo.admin.ch/browser/index.html#/collections/ch.swisstopo.lubis-terrestrische_aufnahmen/items/lubis-terrestrische_aufnahmen_000-345-841
File:Simplon - Wängenhorn Nord - Swisstopo 345873.tif,M201255261,2026-10-07T17:59:34Z,345873,1929-07-10,Simplon,Wängenhorn Nord,46.1785,8.0493,2563.0,301.5,7.990959998867429,46.183130001800365,8.02886999704562,46.213500000699256,46.19832,8.00991,Simplon,Q69194,VS,345847,55017,https://data.geo.admin.ch/browser/index.html#/collections/ch.swisstopo.lubis-terrestrische_aufnahmen/items/lubis-terrestrische_aufnahmen_000-345-873
File:Amt Frutigen - Kühweid - Swisstopo 170041.tif,M201255266,2026-10-07T17:59:35Z,170041,1926-07-21,Amt Frutigen,Kühweid,46.59122,7.69873,1440.0,109.5,7.703619997788722,46.54758999728608,7.824523677853129,46.59353000083812,46.57056,7.76407,Reichenbach im Kandertal,Q66378,BE,170040,57077,https://data.geo.admin.ch/browser/index.html#/collections/ch.swisstopo.lubis-terrestrische_aufnahmen/items/lubis-terrestrische_aufnahmen_000-170-041
File:St. Gotthard - Kastelhorn Süd A-B - Swisstopo 164465.tif,M201255271,2026-10-07T17:59:44Z,164465,1915-08-21,St. Gotthard,Kastelhorn Süd A-B,46.59033,8.59781,2677.0,159.0,8.591780004156046,46.57263999696966,8.618009996082819,46.5920199949114,46.58233,8.6049,Hospental,Q65681,UR,164464,88900,https://data.geo.admin.ch/browser/index.html#/collections/ch.swisstopo.lubis-terrestrische_aufnahmen/items/lubis-terrestrische_aufnahmen_000-164-465
File:St. Gotthard - Kastelhorn Süd A-B - Swisstopo 164466.tif,M201255269,2026-10-07T17:59:44Z,164466,1915-08-21,St. Gotthard,Kastelhorn Süd A-B,46.59021,8.59892,2666.0,219.0,8.57186000252665,46.57106999870371,8.601780001587064,46.59007000211222,46.58057,8.58682,Hospental,Q65681,UR,164467,82792,https://data.geo.admin.ch/browser/index.html#/collections/ch.swisstopo.lubis-terrestrische_aufnahmen/items/lubis-terrestrische_aufnahmen_000-164-466
File:St. Gotthard - Kastelhorn Süd A-B - Swisstopo 164463.tif,M201255273,2026-10-07T17:59:45Z,164463,1915-08-21,St. Gotthard,Kastelhorn Süd A-B,46.59033,8.59781,2677.0,189.0,8.580169999803154,46.571019999354725,8.608880003732136,46.59237999381236,46.5817,8.59453,Hospental,Q65681,UR,164462,42811,https://data.geo.admin.ch/browser/index.html#/collections/ch.swisstopo.lubis-terrestrische_aufnahmen/items/lubis-terrestrische_aufnahmen_000-164-463
File:St. Gotthard - Kastelhorn Süd A-B - Swisstopo 164464.tif,M201255274,2026-10-07T17:59:45Z,164464,1915-08-21,St. Gotthard,Kastelhorn Süd A-B,46.59021,8.59892,2666.0,159.0,8.592839998068067,46.57107999656052,8.617209997530248,46.59247999433102,46.58178,8.60502,Hospental,Q65681,UR,164465,47138,https://data.geo.admin.ch/browser/index.html#/collections/ch.swisstopo.lubis-terrestrische_aufnahmen/items/lubis-terrestrische_aufnahmen_000-164-464
File:St. Gotthard - Kastelhorn Süd B-C - Swisstopo 164469.tif,M201255285,2026-10-07T17:59:55Z,164469,1915-08-21,St. Gotthard,Kastelhorn Süd B-C,46.59034,8.59781,2677.0,236.0,8.510619993921123,46.53575999985211,8.555359998259352,46.589739994541546,46.56275,8.53299,Airolo,Q69265,TI,164471,36255,https://data.geo.admin.ch/browser/index.html#/collections/ch.swisstopo.lubis-terrestrische_aufnahmen/items/lubis-terrestrische_aufnahmen_000-164-469
File:St. Gotthard - Kastelhorn Süd A-B - Swisstopo 164467.tif,M201255288,2026-10-07T17:59:56Z,164467,1915-08-21,St. Gotthard,Kastelhorn Süd A-B,46.59033,8.59781,2677.0,219.0,8.510609994980534,46.53575999985211,8.547209999541414,46.57331999641788,46.55454,8.52891,Airolo,Q69265,TI,164466,71676,https://data.geo.admin.ch/browser/index.html#/collections/ch.swisstopo.lubis-terrestrische_aufnahmen/items/lubis-terrestrische_aufnahmen_000-164-467
File:St. Gotthard - Prosa Nord A-B - Swisstopo 164468.tif,M201255287,2026-10-07T17:59:56Z,164468,1915-08-06,St. Gotthard,Prosa Nord A-B,46.5639,8.56906,2402.0,241.0,8.510619993921123,46.53941999391309,8.574680002313492,46.568729998995316,46.55407,8.54265,Airolo,Q69265,TI,164470,67327,https://data.geo.admin.ch/browser/index.html#/collections/ch.swisstopo.lubis-terrestrische_aufnahmen/items/lubis-terrestrische_aufnahmen_000-164-468
File:St. Gotthard - Prosa Nord A-B - Swisstopo 164470.tif,M201255286,2026-10-07T17:59:56Z,164470,1915-08-06,St. Gotthard,Prosa Nord A-B,46.56224,8.57036,2396.0,241.0,8.510769998662397,46.535730002129746,8.568010001798063,46.5664800016054,46.55111,8.53939,Airolo,Q69265,TI,164468,83518,https://data.geo.admin.ch/browser/index.html#/collections/ch.swisstopo.lubis-terrestrische_aufnahmen/items/lubis-terrestrische_aufnahmen_000-164-470
File:St. Gotthard - Kastelhorn Süd B-C - Swisstopo 164473.tif,M201255300,2026-10-07T18:00:04Z,164473,1915-08-21,St. Gotthard,Kastelhorn Süd B-C,46.59034,8.59781,2677.0,266.0,8.510649995065005,46.55516999955533,8.596549996203434,46.60652000124532,46.58085,8.5536,Hospental,Q65681,UR,164476,44129,https://data.geo.admin.ch/browser/index.html#/collections/ch.swisstopo.lubis-terrestrische_aufnahmen/items/lubis-terrestrische_aufnahmen_000-164-473
File:St. Gotthard - Kastelhorn Süd B-C - Swisstopo 164471.tif,M201255303,2026-10-07T18:00:07Z,164471,1915-08-21,St. Gotthard,Kastelhorn Süd B-C,46.59107,8.59711,2670.0,236.0,8.510649995065005,46.53578999417967,8.593859996507897,46.593530001016404,46.56466,8.55225,Airolo,Q69265,TI,164469,54916,https://data.geo.admin.ch/browser/index.html#/collections/ch.swisstopo.lubis-terrestrische_aufnahmen/items/lubis-terrestrische_aufnahmen_000-164-471
File:St. Gotthard - Prosa Nord A-B - Swisstopo 164472.tif,M201255301,2026-10-07T18:00:07Z,164472,1915-08-06,St. Gotthard,Prosa Nord A-B,46.56224,8.57036,2396.0,211.0,8.536440003820635,46.53001999959347,8.57448000297531,46.56232000117264,46.54617,8.55546,Airolo,Q69265,TI,164474,58713,https://data.geo.admin.ch/browser/index.html#/collections/ch.swisstopo.lubis-terrestrische_aufnahmen/items/lubis-terrestrische_aufnahmen_000-164-472
File:St. Gotthard - Prosa Nord A-B - Swisstopo 164474.tif,M201255302,2026-10-07T18:00:07Z,164474,1915-08-06,St. Gotthard,Prosa Nord A-B,46.5639,8.56906,2402.0,211.0,8.53652000627859,46.53198999551477,8.572079994864932,46.56353999415952,46.54776,8.5543,Airolo,Q69265,TI,164472,46493,https://data.geo.admin.ch/browser/index.html#/collections/ch.swisstopo.lubis-terrestrische_aufnahmen/items/lubis-terrestrische_aufnahmen_000-164-474
File:St. Gotthard - Prosa Nord A-B - Swisstopo 164477.tif,M201255312,2026-10-07T18:00:16Z,164477,1915-08-06,St. Gotthard,Prosa Nord A-B,46.5639,8.56906,2402.0,271.0,8.513080005859454,46.54420000039002,8.562510000919982,46.58260999792238,46.5634,8.5378,Airolo,Q69265,TI,164475,47383,https://data.geo.admin.ch/browser/index.html#/collections/ch.swisstopo.lubis-terrestrische_aufnahmen/items/lubis-terrestrische_aufnahmen_000-164-477
File:St. Gotthard - Kastelhorn Süd B-C - Swisstopo 164476.tif,M201255316,2026-10-07T18:00:17Z,164476,1915-08-21,St. Gotthard,Kastelhorn Süd B-C,46.59107,8.59711,2670.0,266.0,8.510589998414103,46.55590999520639,8.602350002566979,46.60194000005452,46.57892,8.55647,Airolo,Q69265,TI,164473,66626,https://data.geo.admin.ch/browser/index.html#/collections/ch.swisstopo.lubis-terrestrische_aufnahmen/items/lubis-terrestrische_aufnahmen_000-164-476
File:St. Gotthard - Prosa Nord A-B - Swisstopo 164475.tif,M201255317,2026-10-07T18:00:17Z,164475,1915-08-06,St. Gotthard,Prosa Nord A-B,46.56224,8.57036,2396.0,271.0,8.510619993921123,46.542629996905184,8.573409997396269,46.58140999496536,46.56202,8.54201,Airolo,Q69265,TI,164477,73008,https://data.geo.admin.ch/browser/index.html#/collections/ch.swisstopo.lubis-terrestrische_aufnahmen/items/lubis-terrestrische_aufnahmen_000-164-475
File:St. Gotthard - Vormigel Ost - Swisstopo 164478.tif,M201255318,2026-10-07T18:00:19Z,164478,1915-08-23,St. Gotthard,Vormigel Ost,46.5941,8.66481,2147.0,275.9,8.608780005628779,46.579750001014766,8.665260003698297,46.60659999924556,46.59318,8.63702,Andermatt,Q64019,UR,164479,42614,https://data.geo.admin.ch/browser/index.html#/collections/ch.swisstopo.lubis-terrestrische_aufnahmen/items/lubis-terrestrische_aufnahmen_000-164-478
